{"inputUnits":[34],"outputUnits":2,"inputs":{"0":{"dtype":"number","min":290.28297988357247,"max":349.88210299599496},"1":{"dtype":"number","min":226.003955885594,"max":264.63123841044506},"2":{"dtype":"number","min":329.4924321156068,"max":377.9089545461454},"3":{"dtype":"number","min":197.31746302504484,"max":244.75356402564142},"4":{"dtype":"number","min":277.2643357213833,"max":329.60419651135396},"5":{"dtype":"number","min":199.43377209080796,"max":242.26838464402965},"6":{"dtype":"number","min":401.13411929356914,"max":421.0884967017267},"7":{"dtype":"number","min":236.88564448968913,"max":264.9426317029426},"8":{"dtype":"number","min":266.23537768649686,"max":308.23304766346973},"9":{"dtype":"number","min":232.2879473615713,"max":271.46998008401476},"10":{"dtype":"number","min":456.77729981418713,"max":485.64390249289426},"11":{"dtype":"number","min":359.4107851258512,"max":391.57785616032345},"12":{"dtype":"number","min":220.42551003541465,"max":276.89936656432394},"13":{"dtype":"number","min":352.33219725612537,"max":400.8792892040446},"14":{"dtype":"number","min":542.6191040514044,"max":584.3793828941969},"15":{"dtype":"number","min":224.85704948929964,"max":602.9240114679596},"16":{"dtype":"number","min":172.8315657678745,"max":196.18396298894623},"17":{"dtype":"number","min":236.57429854693578,"max":582.6189259332442},"18":{"dtype":"number","min":419.2921275573018,"max":568.8938612882265},"19":{"dtype":"number","min":181.77317459759547,"max":580.026468358615},"20":{"dtype":"number","min":152.97753300648256,"max":248.71869276469783},"21":{"dtype":"number","min":157.01514351692646,"max":567.0973888352687},"22":{"dtype":"number","min":409.91092310805266,"max":460.20905847215465},"23":{"dtype":"number","min":579.6597919389895,"max":595.4118376854329},"24":{"dtype":"number","min":258.11073748518055,"max":281.125049962144},"25":{"dtype":"number","min":566.9820335774107,"max":585.6566717838035},"26":{"dtype":"number","min":436.3233624172582,"max":486.40262767034744},"27":{"dtype":"number","min":548.0984562380305,"max":572.4095610978538},"28":{"dtype":"number","min":236.13113076770352,"max":284.43146108189444},"29":{"dtype":"number","min":550.283850287649,"max":577.3493737840467},"30":{"dtype":"number","min":440.964219505221,"max":479.10572348865554},"31":{"dtype":"number","min":553.4535727890549,"max":560.1123064686816},"32":{"dtype":"number","min":245.34926299455103,"max":280.9337028176868},"33":{"dtype":"number","min":550.9662132411615,"max":563.4425146199386}},"outputs":{"0":{"dtype":"string","min":0,"max":1,"uniqueValues":["1","2"],"legend":{"1":[1,0],"2":[0,1]}}},"isNormalized":true}